index,Date,Week Day,Total Screen Time,Social Networking,Reading and Reference,Other,Productivity,Health and Fitness,Entertainment,Creativity,Yoga
0,2019-04-17 00:00:00,Wednesday,187,89,17,41,22,0,0,0,0
1,2019-04-18 00:00:00,Thursday,123,78,17,8,9,0,0,0,0
2,2019-04-19 00:00:00,Friday,112,52,40,8,4,0,3,0,0
3,2019-04-20 00:00:00,Saturday,101,69,9,38,2,0,3,0,0
4,2019-04-21 00:00:00,Sunday,56,35,2,43,3,0,1,1,0
5,2019-04-22 00:00:00,Monday,189,68,0,9,3,4,0,0,0
6,2019-04-23 00:00:00,Tuesday,158,56,18,41,12,15,0,0,0
7,2019-04-24 00:00:00,Wednesday,135,98,3,33,16,0,0,0,0
8,2019-04-25 00:00:00,Thursday,52,25,7,3,16,0,0,0,0
9,2019-04-26 00:00:00,Friday,198,76,8,29,15,0,32,0,0
10,2019-04-27 00:00:00,Saturday,116,75,10,20,5,0,0,0,0
11,2019-04-28 00:00:00,Sunday,85,42,22,4,2,0,0,0,0
12,2019-04-29 00:00:00,Monday,109,46,8,13,9,15,1,0,1
13,2019-04-30 00:00:00,Tuesday,79,40,2,9,12,0,0,0,1
14,2019-05-01 00:00:00,Wednesday,127,90,0,10,7,0,0,0,1
15,2019-05-02 00:00:00,Thursday,170,60,3,2,11,0,0,0,1
16,2019-05-03 00:00:00,Friday,91,64,2,18,5,1,1,2,1
17,2019-05-04 00:00:00,Saturday,58,34,4,5,3,0,1,0,1
18,2019-05-05 00:00:00,Sunday,133,109,5,1,3,0,0,0,1
19,2019-05-06 00:00:00,Monday,144,81,4,5,3,0,0,0,1
20,2019-05-07 00:00:00,Tuesday,110,70,5,6,15,0,9,0,1
21,2019-05-08 00:00:00,Wednesday,122,53,25,26,15,0,0,0,1
22,2019-05-09 00:00:00,Thursday,96,42,15,16,19,0,0,0,1
,,,,,,,,,,,
,,,,,,,,,,,
Data transcribed from the screenshot provided in this chat.,,,,,,,,,,,
